{"cameraMode":{"drawMode":0,"name":"Shaded","section":"Shading Mode"},"sceneLighting":true,"audioPlay":false,"sceneViewState":{"showFog":true,"showMaterialUpdate":false,"showSkybox":true,"showFlares":true,"showImageEffects":true,"showParticleSystems":true,"showVisualEffectGraphs":true,"m_FxEnabled":true},"in2DMode":false,"pivot":{"x":435.3312683105469,"y":747.5142822265625,"z":134.5736083984375},"rotation":{"x":0.07134518027305603,"y":-0.012596026062965393,"z":0.0006558290915563703,"w":0.9974161982536316},"size":570.557861328125,"orthographic":false}